{
    "logistic_regression": {
        "0": {
            "precision": 0.7686699302156026,
            "recall": 0.7356459330143541,
            "f1-score": 0.7517954464422146,
            "support": 10032.0
        },
        "1": {
            "precision": 0.7430232558139535,
            "recall": 0.7754070178986753,
            "f1-score": 0.758869810480479,
            "support": 9889.0
        },
        "accuracy": 0.7553837658752071,
        "macro avg": {
            "precision": 0.755846593014778,
            "recall": 0.7555264754565147,
            "f1-score": 0.7553326284613469,
            "support": 19921.0
        },
        "weighted avg": {
            "precision": 0.7559386434750821,
            "recall": 0.7553837658752071,
            "f1-score": 0.7553072373148815,
            "support": 19921.0
        }
    },
    "naive_bayes": {
        "0": {
            "precision": 0.7536642070150612,
            "recall": 0.7432216905901117,
            "f1-score": 0.7484065244667503,
            "support": 10032.0
        },
        "1": {
            "precision": 0.7431192660550459,
            "recall": 0.753564566690262,
            "f1-score": 0.7483054676909173,
            "support": 9889.0
        },
        "accuracy": 0.7483560062245871,
        "macro avg": {
            "precision": 0.7483917365350535,
            "recall": 0.7483931286401868,
            "f1-score": 0.7483559960788337,
            "support": 19921.0
        },
        "weighted avg": {
            "precision": 0.7484295841972513,
            "recall": 0.7483560062245871,
            "f1-score": 0.7483563587895146,
            "support": 19921.0
        }
    },
    "svm": {
        "0": {
            "precision": 0.7437191103789127,
            "recall": 0.7199960127591707,
            "f1-score": 0.7316653160453809,
            "support": 10032.0
        },
        "1": {
            "precision": 0.7248506220001959,
            "recall": 0.748306198806755,
            "f1-score": 0.7363916807642551,
            "support": 9889.0
        },
        "accuracy": 0.7340494955072536,
        "macro avg": {
            "precision": 0.7342848661895542,
            "recall": 0.7341511057829628,
            "f1-score": 0.734028498404818,
            "support": 19921.0
        },
        "weighted avg": {
            "precision": 0.7343525885387877,
            "recall": 0.7340494955072536,
            "f1-score": 0.7340115346440932,
            "support": 19921.0
        }
    }
}